/*
Navicat MySQL Data Transfer

Source Server         : mysql
Source Server Version : 50624
Source Host           : localhost:3306
Source Database       : ydesigner

Target Server Type    : MYSQL
Target Server Version : 50624
File Encoding         : 65001

Date: 2017-04-09 14:42:01
*/

SET FOREIGN_KEY_CHECKS=0;

-- ----------------------------
-- Table structure for yd_app
-- ----------------------------
DROP TABLE IF EXISTS `yd_app`;
CREATE TABLE `yd_app` (
  `id` bigint(20) NOT NULL AUTO_INCREMENT COMMENT '编号',
  `name` varchar(100) COLLATE utf8_bin NOT NULL COMMENT '应用名称',
  `code` varchar(10) COLLATE utf8_bin NOT NULL COMMENT '应用代号（2个字母）',
  `user_id` bigint(20) DEFAULT NULL COMMENT '所属用户',
  `create_time` int(11) DEFAULT NULL COMMENT '创建时间戳',
  `menu_root_id` bigint(20) DEFAULT NULL COMMENT '应用根菜单编号',
  `comment` text COLLATE utf8_bin COMMENT '备注',
  PRIMARY KEY (`id`)
) ENGINE=InnoDB AUTO_INCREMENT=22 DEFAULT CHARSET=utf8 COLLATE=utf8_bin;

-- ----------------------------
-- Records of yd_app
-- ----------------------------
INSERT INTO `yd_app` VALUES ('1', '请销假系统', 'qxj', '3', '1449368340', '1', null);
INSERT INTO `yd_app` VALUES ('12', '人力资源管理系统', 'rlzy', '3', '1450006962', '27', '');
INSERT INTO `yd_app` VALUES ('19', '请销假系统', 'qxj', '7', '1452061543', '43', '');
INSERT INTO `yd_app` VALUES ('21', '工资发放系统', 'gzff', '3', '1452474815', '54', '');

-- ----------------------------
-- Table structure for yd_article
-- ----------------------------
DROP TABLE IF EXISTS `yd_article`;
CREATE TABLE `yd_article` (
  `id` bigint(20) NOT NULL AUTO_INCREMENT COMMENT '文章ID',
  `category` varchar(10) COLLATE utf8_bin NOT NULL COMMENT '文章分类（01-使用帮助，02-版本更新，03-其他）',
  `title` varchar(200) COLLATE utf8_bin NOT NULL COMMENT '文章标题',
  `content` text COLLATE utf8_bin NOT NULL COMMENT '文章内容',
  `user_id` bigint(20) NOT NULL COMMENT '发布人ID',
  `time` int(11) NOT NULL COMMENT '发布时间戳',
  `comment` varchar(200) COLLATE utf8_bin DEFAULT NULL COMMENT '文章备注',
  PRIMARY KEY (`id`)
) ENGINE=InnoDB AUTO_INCREMENT=18 DEFAULT CHARSET=utf8 COLLATE=utf8_bin;

-- ----------------------------
-- Records of yd_article
-- ----------------------------
INSERT INTO `yd_article` VALUES ('16', '03', '应用后台设计器由来', 0x266C743B702667743B266C743B7370616E207374796C653D2671756F743B666F6E742D73697A653A313670783B2671756F743B2667743B26616D703B6E6273703B26616D703B6E6273703B26616D703B6E6273703B2032303133E5B9B4EFBC8CE68891E58AA0E585A5E4BA86E69F90E585ACE58FB8E38082E58AA0E585A5E585ACE58FB8E4BBA5E5908EEFBC8CE68891E4B880E79BB4E4BB8EE4BA8BE5BA94E794A8E7B3BBE7BB9FE5928CE59084E7A78DE5908EE58FB0E79A84E588B6E4BD9CE38082266C743B2F7370616E2667743B266C743B2F702667743B266C743B702667743B266C743B7370616E207374796C653D2671756F743B666F6E742D73697A653A313670783B2671756F743B2667743B26616D703B6E6273703B26616D703B6E6273703B26616D703B6E6273703B20E585ACE58FB8E69C89E4B8AAE789B9E782B9EFBC8CE5B0B1E698AFE8BFBDE6B182E9809FE5BAA6EFBC8CE5819AE9A1B9E79BAEE983BDE698AFE68C89E5A4A9E38081E68C89E5B08FE697B6E69DA5E8AEA1E7AE97E79A84E38082E88081E69DBFE7BB8FE5B8B8E4BC9AE997AEE4BDA0E8BF99E4B8AAE9A1B9E79BAEE4BDA0E883BDE587A0E5A4A9E5819AE5AE8CEFBC8CE5BD93E4BDA0E8AFB4E4B880E4B8AAE69C88E4B98BE5908EEFBC8CE88081E69DBFE4BC9AE8AFB4E5A682E69E9CE8AEA9E4BB96E5819AEFBC8CE4BB96E4B880E591A8E5B0B1E5819AE5AE8CE4BA86E38082E4BA8EE698AFEFBC8CE9A1B9E79BAEE5AE9AE79A84E697B6E997B4E5BE88E79FADEFBC8CE4BDA0E5BE97E5A4A9E5A4A9E58AA0E78FADE58AA0E782B9E5819AE38082E588B0E4BA86E9A1B9E79BAEE8A784E5AE9AE79A84E697B6E997B4EFBC8CE8BF98E6B2A1E69C89E5819AE5AE8CEFBC8CE8BF99E698AFE5AEA2E688B7E4BC9AE79BB4E68EA5E68993E794B5E8AF9DE582ACE4BDA0EFBC8CE88081E69DBFE4B99FE4BC9AE5A4A9E5A4A9E582ACE4BDA0EFBC8CE5A4A9E5A4A9E783A6EFBC8CE5B0B1E69BB4E6B2A1E5BF83E68385E5819AE9A1B9E79BAEE4BA86E38082E5AEA2E688B7E5928CE88081E69DBFE983BDE4BC9AE997AEE4BDA0EFBC9AE8A784E5AE9AE79A84E697B6E997B4E588B0E4BA86EFBC8CE6808EE4B988E8BF98E6B2A1E5819AE5AE8CEFBC9FE588B0E5BA95E8BF98E99C80E8A681E5A49AE5B091E5A4A9E5819AE5AE8CEFBC8CE883BDE4B88DE883BDE7BB99E4B8AAE58786E7A1AEE695B0E38082266C743B2F7370616E2667743B266C743B2F702667743B266C743B702667743B266C743B7370616E207374796C653D2671756F743B666F6E742D73697A653A313670783B2671756F743B2667743B26616D703B6E6273703B26616D703B6E6273703B26616D703B6E6273703B20E69CACE69DA5E5B0B1E698AFE4B880E591A8E5B7A5E4BD9CE585ADE5A4A9EFBC8CE591A8E4B880E6999AE4B88AE4BE8BE4BC9AEFBC8CE585B6E4BB96E6999AE4B88AE58FAAE8A681E4BDA0E9A1B9E79BAEE6B2A1E5819AE5AE8CEFBC8CE88081E69DBFE5B0B1E4BC9AE8AEA4E4B8BAE4BDA0E5BA94E8AFA5E58AA0E78FADE5819AEFBC8CE591A8E5A4A9E4B99FE4B88DE694BEE8BF87E38082E8808CE4B894EFBC8CE58FAAE8A681E88081E69DBFE58FABE4B880E4B8AAE4BABAE58AA0E78FADEFBC8CE4BB96E7BB8FE5B8B8E4BC9AE68A8AE68980E69C89E4BABAE983BDE5968AE8BF87E69DA5EFBC8CE79086E794B1E698AFE4BABAE5AEB6E69F90E69F90E983BDE58AA0E78FADEFBC8CE4BDA0E4B8BAE4BB80E4B988E4B88DE684BFE6848FE58AA0E78FADE38082E4BB96E4BC9AE79086E794B1E5BD93E784B6E59CB0E8AEA4E4B8BAE68980E69C89E4BABAE983BDE5BA94E8AFA5E58AA0E78FADEFBC8CE8808CE4B894E4B88DE7BB99E58AA0E78FADE8B4B9E38082E88081E69DBFE8AEA4E4B8BAEFBC9AE58AA0E78FADE698AFE59BA0E4B8BAE4BDA0E799BDE5A4A9E6B2A1E5A5BDE5A5BDE5B7A5E4BD9CEFBC8CE6898DE4BC9AE58AA0E78FADE38082E4BDA0E5A682E69E9CE799BDE5A4A9E8AEA4E79C9FE5B7A5E4BD9CE79A84E8AF9DEFBC8CE882AFE5AE9AE4B88DE794A8E58AA0E78FADE5B0B1E883BDE5AE8CE68890E38082E6999AE4B88AE58AA0E78FADE38081E591A8E5A4A9E58AA0E78FADE4BC9AE8AEA9E4BABAE789B9E588ABE7B4AFEFBC8CE591A8E585ADE4B88BE58D88E6A0B9E69CACE6B2A1E69C89E8A681E694BEE58187E79A84E6849FE8A789E38082E591A8E5A4A9E4B99FE4BC91E681AFE4B88DE5A5BDEFBC8CE681B6E680A7E5BEAAE78EAFEFBC8CE4BC9AE5AFBCE887B4E69588E78E87E8B68AE69DA5E8B68AE5B7AEE38082266C743B6272202F2667743B266C743B2F7370616E2667743B266C743B2F702667743B266C743B702667743B266C743B7370616E207374796C653D2671756F743B666F6E742D73697A653A313670783B2671756F743B2667743B26616D703B6E6273703B26616D703B6E6273703B26616D703B6E6273703B26616D703B6E6273703B20E7BD91E4B88AE69C89E59084E7A78DE59084E6A0B7E79A84E7BD91E7AB99EFBC8CE69C89E4B880E4BA9BE7BD91E7AB99E698AFE5B195E7A4BAE794A8E79A84EFBC8CE8BF99E4BA9BE7A7B0E4B8BAE69687E7ABA0E58F91E5B883E7B3BBE7BB9FEFBC8CE4BE8BE5A682E4B880E4BA9BE585ACE58FB8E79A84E5AE98E7BD91E38082E8BF98E69C89E4B880E4BA9BE698AFE4BC81E4B89AE58685E983A8E4BDBFE794A8EFBC8CE4BE8BE5A682E4BABAE58A9BE8B584E6BA90E7AEA1E79086E7B3BBE7BB9FE38081E8AFB7E99480E58187E7B3BBE7BB9FE38081E68E92E8AFBEE7B3BBE7BB9FE38081E98089E8AFBEE7B3BBE7BB9FE38081E789A9E8B584E7AEA1E79086E7B3BBE7BB9FE7AD89EFBC8CE8BF99E4BA9BE5BA94E794A8E7B3BBE7BB9FEFBC8CE789B9E588ABE698AFE794A8E4BA8EE5A4A7E59E8BE59BBDE4BC81E79A84E7B3BBE7BB9FEFBC8CE5819AE8B5B7E69DA5E8A681E6AF94E5819AE4B8AAE585ACE58FB8E5AE98E7BD91E5A48DE69D82E79A84E5A49AE38082266C743B2F7370616E2667743B266C743B2F702667743B266C743B702667743B266C743B7370616E207374796C653D2671756F743B666F6E742D73697A653A313670783B2671756F743B2667743B26616D703B6E6273703B26616D703B6E6273703B26616D703B6E6273703B20E59CA8E8BF99E4B988E79FADE79A84E697B6E997B4E9878CEFBC8CE5819AE8BF99E4B988E5A48DE69D82E79A84E7B3BBE7BB9FEFBC8CE5BE88E5AEB9E69893E8B685E587BAE9A284E5AE9AE697B6E997B4E38082E4BD86E698AFE5819AE5908EE58FB0E69C89E4B880E4B8AAE5A5BDE5A484E5B0B1E698AFEFBC8CE69C89E4BC97E5A49AE5A5BDE794A8E79A84E6A186E69EB6EFBC8CE59BA0E4B8BAE5BA94E794A8E7B3BBE7BB9FE99DA2E5AFB9E79A84E698AFE58685E983A8E794A8E688B7EFBC8CE794A8E688B7E4B880E888ACE4B99FE4B88DE4BC9AE5AFB9E7958CE99DA2E5A4AAE68C91E58994EFBC8CE883BDE794A8E5B0B1E8A18CE38082E5819AE5908EE58FB0E79A84E99ABEE5BAA6E59CA8E4BA8EE4B89AE58AA1E980BBE8BE91E5A48DE69D82EFBC8CE6AF8FE7A78DE7B3BBE7BB9FE983BDE5B7AEE588ABE5BE88E5A4A7EFBC8CE5B091E58899E4B889E59B9BE4B8AAE6A8A1E59D97EFBC8CE5A49AE58899E587A0E799BEE4B8AAE6A8A1E59D97E38082E5BA94E794A8E7B3BBE7BB9FE794A8E588B0E79A84E68EA7E4BBB6E5BE88E7BB9FE4B880EFBC8CE4B880E888ACE5B0B1E698AFE8A1A8E6A0BCE5928CE8A1A8E58D95EFBC8CE4BD86E698AFE6AF8FE4B8AAE8A1A8E6A0BCE5928CE8A1A8E58D95E79A84E58685E5AEB9E5A4A7E4B88DE79BB8E5908CE38082E68891E4BBACE69C89E6B2A1E69C89E58A9EE6B395E9809AE8BF87E4B880E5AE9AE79A84E8AEBEE7BDAEEFBC8CE8AEA9E7A88BE5BA8FE887AAE58AA8E5AE8CE68890E6AF8FE4B8AAE8A1A8E6A0BCE5928CE8A1A8E58D95E79A84E8AEBEE8AEA1E591A2EFBC9F266C743B2F7370616E2667743B266C743B2F702667743B266C743B702667743B266C743B7370616E207374796C653D2671756F743B666F6E742D73697A653A313670783B2671756F743B2667743B26616D703B6E6273703B26616D703B6E6273703B26616D703B6E6273703B20E5819AE5BA94E794A8E7B3BBE7BB9FE98187E588B0E79A84E7ACACE4BA8CE4B8AAE997AEE9A298E698AFEFBC8CE68782E4B89AE58AA1E6B581E7A88BE79A84E4BABAE4B880E888ACE698AFE4BC81E4B89AE7AEA1E79086E88085EFBC8CE4BD86E698AFE4BB96E4BBACE4B88DE4BC9AE7BC96E7A88BEFBC9BE8808CE4BC9AE7BC96E7A88BE79A84E68891E4BBACE58DB4E4B88DE68782E4BC81E4B89AE79A84E4B89AE58AA1E6B581E7A88BE38082E5AEA2E688B7E79A84E99C80E6B182E4B880E888ACE5B0B1E698AFE587A0E9A1B5E7BAB8EFBC8CE5BE88E7AE80E58D95EFBC8CE585B6E4B8ADE7BB86E88A82E997AEE9A298E99C80E8A681E68891E4BBACE887AAE5B7B1E997AEE6988EE799BDE38082E5819AE9A1B9E79BAEE5BE88E5A4A7E79A84E4B880E983A8E58886E697B6E997B4E88AB1E59CA8E4BA86E68891E4BBACE5ADA6E4B9A0E4BC81E4B89AE79A84E4B89AE58AA1E6B581E7A88BE4B88AEFBC8CE8808CE4B894E5A682E69E9CE68891E4BBACE79086E8A7A3E4B88DE5AFB9E5B0B1E58EBBE7BC96E7A88BEFBC8CE5BE88E58FAFE883BDE5819AE4BA86E5BE88E5A49AE697A0E794A8E58A9FE38082E69C89E6B2A1E69C89E58A9EE6B395E8AEA9E68782E4B89AE58AA1E38081E4B88DE68782E7BC96E7A88BE79A84E4BABAE887AAE5B7B1E58FAFE4BBA5E8AEBEE8AEA1E587BAE7B3BBE7BB9FEFBC9FE8BF99E6A0B7E68891E4BBACE7A88BE5BA8FE59198E5B0B1E4B88DE794A8E5BC84E68782E59084E4B8AAE4BC81E4B89AE79A84E7AEA1E79086E6B581E7A88BEFBC8CE68A8AE6B3A8E6848FE58A9BE5AE8CE585A8E99B86E4B8ADE59CA8E7BC96E7A88BE4B88AE4BA86E38082266C743B2F7370616E2667743B266C743B2F702667743B266C743B702667743B266C743B7370616E207374796C653D2671756F743B666F6E742D73697A653A313670783B2671756F743B2667743B26616D703B6E6273703B26616D703B6E6273703B26616D703B6E6273703B20E68891E79A84E683B3E6B395E698AFE58F82E88083E695B0E68DAEE5BA93E7AEA1E79086E5B7A5E585B7EFBC8CE4BE8BE5A6824F7261636C65E695B0E68DAEE5BA93E79A8453514C20446576656C6F706572E5928C4D7953716CE79A8453514C796F67E38082E8BF99E4BA9BE695B0E68DAEE5BA93E7AEA1E79086E5B7A5E585B7E58FAFE4BBA5E59CA8E4B88DE6878253514CE8AFADE6B395E79A84E68385E586B5E4B88BEFBC8CE5AE8CE68890E695B0E68DAEE8A1A8E79A84E8AEBEE8AEA1E5B7A5E4BD9CEFBC8CE8808CE4B894E4B99FE5BE88E696B9E4BEBFE8BF9BE8A18CE5A29EE588A0E694B9E69FA5E38082E4BDBFE794A8E8A786E59BBEE58A9FE883BDE8BF98E58FAFE4BBA5E5AE8CE68890E5A48DE69D82E79A84E7BB9FE8AEA1E68AA5E8A1A8E58A9FE883BDE38082E695B0E68DAEE5BA93E7AEA1E79086E5B7A5E585B7E79A84E7BCBAE782B9E698AFE7958CE99DA2E4B88DE58F8BE5A5BDEFBC8CE8808CE4B894E695B0E68DAEE79A84E4BF9DE5AF86E680A7E5819AE79A84E4B88DE5A5BDEFBC8CE69D83E99990E983BDE6B2A1E68EA7E588B6EFBC8CE4BBBBE4BD95E8BF9EE68EA5E695B0E68DAEE5BA93E79A84E4BABAE983BDE58FAFE4BBA5E8BF9BE8A18CE99A8FE6848FE6938DE4BD9CE38082E68891E4BBACE69C89E6B2A1E69C89E58A9EE6B395EFBC8CE694B9E68E89E79A84E8BF99E4BA9BE7BCBAE782B9EFBC8CE8AEA9E68782E4B89AE58AA1E79A84E4BABAE5BE88E696B9E4BEBFE59CB0E4BDBFE794A8E7B1BBE4BCBCE695B0E68DAEE5BA93E7AEA1E79086E5B7A5E585B7E7B1BBE59E8BE79A84E4B89CE8A5BFE887AAE5B7B1E8AEBEE8AEA1E8A1A8EFBC8CE5AE8CE68890E887AAE5B7B1E99C80E8A681E79A84E59084E7A78DE5B7A5E4BD9CE38082E5A682E69E9CE58FAFE4BBA5E79A84E8AF9DEFBC8CE68891E4BBACE7A88BE5BA8FE59198E5B0B1E58FAFE4BBA5E4BB8EE5A48DE69D82E79A84E4B89AE58AA1E6B581E7A88BE4B8ADE8A7A3E884B1E587BAE69DA5E38082266C743B2F7370616E2667743B266C743B2F702667743B266C743B702667743B266C743B7370616E207374796C653D2671756F743B666F6E742D73697A653A313670783B2671756F743B2667743B26616D703B6E6273703B26616D703B6E6273703B26616D703B6E6273703B20E7A88BE5BA8FE59198E698AFE4B8AAE99D9EE5B8B8E7B4AFE4BABAE79A84E5B7A5E4BD9CEFBC8CE5A682E69E9CE4BDA0E5819AE8B4A2E58AA1E7AEA1E79086E7B3BBE7BB9FEFBC8CE4BDA0E5BE97E58EBBE5ADA6E4B9A0E4BC9AE8AEA1E79A84E59084E7A78DE79FA5E8AF86EFBC9BE5A682E69E9CE4BDA0E5819AE8AFB7E99480E58187E7B3BBE7BB9FEFBC8CE4BDA0E5BE97E5ADA6E4B9A0E4BC81E4B89AE79A84E8AFB7E99480E58187E794B3E8AFB7E5AEA1E689B9E79A84E6B581E7A88BEFBC9BE5A682E69E9CE4BDA0E5819AE79FB3E6B2B9E7AD89E4B893E4B89AE8BDAFE4BBB6E79A84E8AF9DEFBC8CE4BDA0E5BE97E5ADA6E4B9A0E79FB3E6B2B9E79A84E59084E7A78DE79FA5E8AF86E38082266C743B7370616E207374796C653D2671756F743B666F6E742D73697A653A313670783B2671756F743B2667743BE5819AE587A0E5B9B4E7A88BE5BA8FE59198EFBC8CE79C9FE68890E4BA86E585A8E6898DE4BA86E38082266C743B2F7370616E2667743BE59CA8E68891E4BBACE8BF99E6A0B7E79A84E585ACE58FB8EFBC8CE4B880E888ACE8B79FE794A8E688B7E6B29FE9809AE4BAA4E6B581EFBC8CE8AEBEE8AEA1EFBC8CE7BC96E7A081EFBC8CE6B58BE8AF95E983BDE698AFE4BDA0E4B880E4B8AAE4BABAE5819AEFBC8CE999A4E99D9EE4BDA0E698AFE696B0E69DA5E79A84EFBC8CE88081E69DBFE5928CE585B6E4BB96E4BABAE58FAFE883BDE4BC9AE5B8A6E4BDA0E5819AE587A0E4B8AAE9A1B9E79BAEEFBC8CE4BBA5E5908EE5B0B1E5BE97E99DA0E887AAE5B7B1E4BA86E38082E59CA8E8BF99E7A78DE585ACE58FB8E5B7A5E4BD9CEFBC8CE4BC9AE99D9EE5B8B8E7B4AFEFBC8CE68891E5B88CE69C9BE58FAFE4BBA5E4BB8EE8BF99E7A78DE5B7A5E4BD9CE4B8ADE8A7A3E884B1E587BAE69DA5EFBC8CE5819AE8AEBEE8AEA1E38081E7BC96E7A081E794A8E79A84E697B6E997B4E5B0BDE9878FE5B091EFBC8CE68A8AE697B6E997B4E5B0BDE58FAFE883BDE5A49AE79A84E794A8E59CA8E8B79FE5AEA2E688B7E4BAA4E6B581E38081E994BBE782BCE8BAABE4BD93E38081E999AAE5AEB6E4BABAE69C8BE58F8BE4B88AE38082E4BD86E684BFE68891E887AAE5B7B1E79A84E9A1B9E79BAEE58FAFE4BBA5E68890E58A9FEFBC8CE7A59DE68891E887AAE5B7B1E8B59AE69BB4E5A49AE79A84E992B1EFBC8CE7A59DE68891E887AAE5B7B1E58FAFE4BBA5E59CA8E5B7A5E4BD9CE4B8ADE4BAABE58F97E588B0E7949FE6B4BBE79A84E4B990E8B6A3E38082E79BAEE5898DE9A1B9E79BAEE5B7B2E59CA8E588B6E4BD9CE4B8ADEFBC8CE68891E4BC9AE5B0BDE5BFABE694BEE587BA44656D6FE4BE9BE5A4A7E5AEB6E6B58BE8AF95EFBC8CE7A59DE5A4A7E5AEB6E78EA9E5BE97E5BC80E5BF83E38082266C743B2F7370616E2667743B266C743B6272202F2667743B266C743B2F702667743B, '3', '1451566780', '');

-- ----------------------------
-- Table structure for yd_col
-- ----------------------------
DROP TABLE IF EXISTS `yd_col`;
CREATE TABLE `yd_col` (
  `id` bigint(20) NOT NULL AUTO_INCREMENT COMMENT '编号',
  `app_id` bigint(20) DEFAULT NULL COMMENT '应用ID',
  `menu_id` bigint(20) DEFAULT NULL COMMENT '菜单ID',
  `part_id` bigint(20) NOT NULL COMMENT '组件ID',
  `name` varchar(100) COLLATE utf8_bin DEFAULT NULL COMMENT '名称',
  `code` varchar(100) COLLATE utf8_bin DEFAULT NULL COMMENT '代码',
  `width` int(11) DEFAULT NULL COMMENT '列宽度',
  `type` varchar(100) COLLATE utf8_bin DEFAULT NULL COMMENT '数据类型（01-整数，02-限制长度字符串）',
  `size` int(11) DEFAULT NULL COMMENT 'varchar数据类型大小',
  `order` int(11) DEFAULT NULL COMMENT '排序',
  `comment` text COLLATE utf8_bin COMMENT '备注',
  PRIMARY KEY (`id`)
) ENGINE=InnoDB AUTO_INCREMENT=37 DEFAULT CHARSET=utf8 COLLATE=utf8_bin;

-- ----------------------------
-- Records of yd_col
-- ----------------------------
INSERT INTO `yd_col` VALUES ('1', '1', '6', '1', '编号', 'id', '80', '01', '0', '1', null);
INSERT INTO `yd_col` VALUES ('2', '1', '6', '1', '名称', 'name', '150', '02', '50', '2', null);
INSERT INTO `yd_col` VALUES ('3', '1', '6', '1', '备注', 'comment', '200', '02', '500', '10', null);
INSERT INTO `yd_col` VALUES ('6', '1', '6', '1', '状态', 'status', '120', '02', '2', '5', 0x30312DE590AFE794A8EFBC8C30322DE7A681E794A8);
INSERT INTO `yd_col` VALUES ('7', '1', '7', '5', '编号', 'id', '80', '01', '0', '1', null);
INSERT INTO `yd_col` VALUES ('8', '1', '7', '5', '名称', 'name', '150', '02', '50', '2', null);
INSERT INTO `yd_col` VALUES ('9', '1', '7', '5', '备注', 'comment', '200', '02', '500', '3', null);
INSERT INTO `yd_col` VALUES ('10', '12', '51', '9', '编号', 'id', '80', '01', '0', '1', null);
INSERT INTO `yd_col` VALUES ('11', '12', '51', '9', '姓名', 'name', '150', '02', '50', '2', 0xE6938DE4BD9CE4BABAE5A793E5908D);
INSERT INTO `yd_col` VALUES ('12', '12', '51', '9', '备注', 'comment', '200', '02', '500', '5', 0xE5A487E6B3A8E4BFA1E681AF);
INSERT INTO `yd_col` VALUES ('13', '12', '51', '9', '事件', 'event', '120', '02', '100', '3', 0xE6938DE4BD9CE4BABAE5819AE79A84E4BA8BE68385);
INSERT INTO `yd_col` VALUES ('14', '12', '51', '9', '操作时间', 'time', '120', '02', '20', '4', 0xE6938DE4BD9CE697B6E997B4);
INSERT INTO `yd_col` VALUES ('15', '21', '56', '13', '编号', 'id', '80', '01', '0', '1', null);
INSERT INTO `yd_col` VALUES ('18', '21', '56', '13', '姓名', 'xm', '120', '02', '100', '2', '');
INSERT INTO `yd_col` VALUES ('19', '21', '56', '13', '工号', 'gh', '120', '02', '100', '4', '');
INSERT INTO `yd_col` VALUES ('20', '21', '56', '13', '身份证号', 'sfzh', '120', '02', '100', '5', '');
INSERT INTO `yd_col` VALUES ('21', '21', '56', '13', '部门', 'bm', '120', '02', '100', '6', '');
INSERT INTO `yd_col` VALUES ('22', '21', '56', '13', '入职时间', 'rzsj', '120', '02', '100', '7', '');
INSERT INTO `yd_col` VALUES ('23', '21', '56', '13', '性别', 'xb', '120', '02', '100', '3', '');
INSERT INTO `yd_col` VALUES ('24', '21', '56', '13', '职位', 'zw', '120', '02', '100', '8', '');
INSERT INTO `yd_col` VALUES ('25', '21', '56', '13', '职称', 'zc', '120', '02', '100', '9', '');
INSERT INTO `yd_col` VALUES ('26', '21', '56', '13', '政治面貌', 'zzmm', '120', '02', '100', '10', '');
INSERT INTO `yd_col` VALUES ('27', '21', '56', '13', '备注', 'bz', '120', '02', '500', '11', '');
INSERT INTO `yd_col` VALUES ('28', '1', '74', '17', '编号', 'id', '80', '01', '0', '1', null);
INSERT INTO `yd_col` VALUES ('31', '1', '74', '17', '操作人', 'czr', '120', '02', '100', '1', '');
INSERT INTO `yd_col` VALUES ('32', '1', '74', '17', '操作时间', 'czsj', '120', '02', '100', '2', '');
INSERT INTO `yd_col` VALUES ('33', '1', '74', '17', '事件', 'sj', '120', '02', '100', '4', '');
INSERT INTO `yd_col` VALUES ('34', '21', '57', '21', '编号', 'id', '80', '01', '0', '1', null);
INSERT INTO `yd_col` VALUES ('35', '21', '57', '21', '名称', 'name', '150', '02', '50', '2', null);
INSERT INTO `yd_col` VALUES ('36', '21', '57', '21', '备注', 'comment', '200', '02', '500', '3', null);

-- ----------------------------
-- Table structure for yd_form
-- ----------------------------
DROP TABLE IF EXISTS `yd_form`;
CREATE TABLE `yd_form` (
  `id` bigint(20) NOT NULL AUTO_INCREMENT COMMENT '编号',
  `app_id` bigint(20) DEFAULT NULL COMMENT '应用ID',
  `menu_id` bigint(20) DEFAULT NULL COMMENT '菜单ID',
  `part_id` bigint(20) DEFAULT NULL COMMENT '组件ID',
  `name` varchar(50) COLLATE utf8_bin DEFAULT NULL COMMENT '表单标签',
  `code` varchar(10) COLLATE utf8_bin DEFAULT NULL COMMENT '代码',
  `width` int(11) DEFAULT NULL COMMENT '组件宽度',
  `type` varchar(20) COLLATE utf8_bin DEFAULT NULL COMMENT '类型（01-文本框，02-日期框）',
  `order` int(11) DEFAULT NULL COMMENT '排序',
  `comment` text COLLATE utf8_bin COMMENT '备注',
  PRIMARY KEY (`id`)
) ENGINE=InnoDB AUTO_INCREMENT=57 DEFAULT CHARSET=utf8 COLLATE=utf8_bin;

-- ----------------------------
-- Records of yd_form
-- ----------------------------
INSERT INTO `yd_form` VALUES ('1', '1', '6', '2', '名称', 'name', '300', '01', '1', 0xE591B5E591B5);
INSERT INTO `yd_form` VALUES ('2', '1', '6', '3', '名称', 'name', '300', '01', '1', null);
INSERT INTO `yd_form` VALUES ('3', '1', '6', '3', '备注', 'comment', '300', '01', '5', '');
INSERT INTO `yd_form` VALUES ('4', '1', '6', '4', '名称', 'name', '300', '01', '1', null);
INSERT INTO `yd_form` VALUES ('5', '1', '6', '4', '备注', 'comment', '300', '01', '3', '');
INSERT INTO `yd_form` VALUES ('6', '1', '7', '6', '名称', 'name', '300', '01', '1', null);
INSERT INTO `yd_form` VALUES ('7', '1', '7', '7', '名称', 'name', '300', '01', '1', null);
INSERT INTO `yd_form` VALUES ('8', '1', '7', '7', '备注', 'comment', '300', '01', '2', null);
INSERT INTO `yd_form` VALUES ('9', '1', '7', '8', '名称', 'name', '300', '01', '1', null);
INSERT INTO `yd_form` VALUES ('10', '1', '7', '8', '备注', 'comment', '300', '01', '2', null);
INSERT INTO `yd_form` VALUES ('11', '12', '51', '10', '名称', 'name', '300', '01', '1', null);
INSERT INTO `yd_form` VALUES ('12', '12', '51', '11', '名称', 'name', '300', '01', '1', null);
INSERT INTO `yd_form` VALUES ('13', '12', '51', '11', '备注', 'comment', '300', '01', '2', null);
INSERT INTO `yd_form` VALUES ('14', '12', '51', '12', '名称', 'name', '300', '01', '1', null);
INSERT INTO `yd_form` VALUES ('15', '12', '51', '12', '备注', 'comment', '300', '01', '2', null);
INSERT INTO `yd_form` VALUES ('16', '1', '6', '2', '状态', 'zt', '120', '01', '2', 0xE68C89E78AB6E68081E69FA5E8AFA2);
INSERT INTO `yd_form` VALUES ('18', '1', '6', '3', '状态', 'zt', '120', '01', '2', '');
INSERT INTO `yd_form` VALUES ('21', '1', '6', '4', '状态', 'status', '120', '01', '2', '');
INSERT INTO `yd_form` VALUES ('25', '21', '56', '16', '名称', 'name', '300', '02', null, null);
INSERT INTO `yd_form` VALUES ('26', '21', '56', '16', '备注', 'comment', '300', '02', null, null);
INSERT INTO `yd_form` VALUES ('27', '21', '56', '15', '姓名', 'xm', '120', '01', '1', '');
INSERT INTO `yd_form` VALUES ('28', '21', '56', '15', '性别', 'xb', '120', '01', '2', '');
INSERT INTO `yd_form` VALUES ('29', '21', '56', '15', '工号', 'gh', '120', '01', '3', '');
INSERT INTO `yd_form` VALUES ('30', '21', '56', '15', '身份证号', 'sfzh', '120', '01', '4', '');
INSERT INTO `yd_form` VALUES ('31', '21', '56', '15', '部门', 'bm', '120', '01', '5', '');
INSERT INTO `yd_form` VALUES ('32', '21', '56', '15', '入职时间', 'rzsj', '120', '01', '6', '');
INSERT INTO `yd_form` VALUES ('33', '21', '56', '15', '职位', 'zw', '120', '01', '7', '');
INSERT INTO `yd_form` VALUES ('34', '21', '56', '15', '职称', 'zc', '120', '01', '8', '');
INSERT INTO `yd_form` VALUES ('35', '21', '56', '15', '政治面貌', 'zzmm', '120', '01', '9', '');
INSERT INTO `yd_form` VALUES ('36', '21', '56', '15', '备注', 'bz', '120', '01', '500', '');
INSERT INTO `yd_form` VALUES ('37', '21', '56', '14', '姓名', 'xm', '120', '01', '1', '');
INSERT INTO `yd_form` VALUES ('38', '21', '56', '14', '工号', 'gh', '120', '01', '2', '');
INSERT INTO `yd_form` VALUES ('39', '21', '56', '14', '身份证号', 'sfzh', '120', '01', '3', '');
INSERT INTO `yd_form` VALUES ('40', '21', '56', '14', '开始时间', 'kssj', '120', '01', '4', '');
INSERT INTO `yd_form` VALUES ('41', '21', '56', '14', '结束时间', 'jssj', '120', '01', '5', '');
INSERT INTO `yd_form` VALUES ('45', '1', '74', '20', '名称', 'name', '300', '02', null, null);
INSERT INTO `yd_form` VALUES ('46', '1', '74', '20', '备注', 'comment', '300', '02', null, null);
INSERT INTO `yd_form` VALUES ('47', '1', '74', '18', '操作人', 'czr', '120', '01', '1', '');
INSERT INTO `yd_form` VALUES ('48', '1', '74', '18', '事件', 'sj', '120', '01', '2', '');
INSERT INTO `yd_form` VALUES ('49', '1', '74', '19', '操作人', 'czr', '120', '01', '1', '');
INSERT INTO `yd_form` VALUES ('50', '1', '74', '19', '操作时间', 'czsj', '120', '02', '2', '');
INSERT INTO `yd_form` VALUES ('51', '1', '74', '19', '事件', 'sj', '120', '01', '3', '');
INSERT INTO `yd_form` VALUES ('52', '21', '57', '22', '名称', 'name', '300', '02', null, null);
INSERT INTO `yd_form` VALUES ('53', '21', '57', '23', '名称', 'name', '300', '02', null, null);
INSERT INTO `yd_form` VALUES ('54', '21', '57', '23', '备注', 'comment', '300', '02', null, null);
INSERT INTO `yd_form` VALUES ('55', '21', '57', '24', '名称', 'name', '300', '02', null, null);
INSERT INTO `yd_form` VALUES ('56', '21', '57', '24', '备注', 'comment', '300', '02', null, null);

-- ----------------------------
-- Table structure for yd_menu
-- ----------------------------
DROP TABLE IF EXISTS `yd_menu`;
CREATE TABLE `yd_menu` (
  `id` bigint(20) NOT NULL AUTO_INCREMENT COMMENT '编号',
  `app_id` bigint(20) DEFAULT NULL COMMENT '应用ID',
  `pid` bigint(20) NOT NULL COMMENT '父节点编号',
  `name` varchar(100) COLLATE utf8_bin NOT NULL COMMENT '名称',
  `code` varchar(100) COLLATE utf8_bin NOT NULL COMMENT '代码',
  `url` varchar(300) COLLATE utf8_bin NOT NULL COMMENT '链接地址',
  `target` varchar(10) COLLATE utf8_bin NOT NULL COMMENT '链接目标',
  `order` int(11) DEFAULT NULL COMMENT '排序',
  `status` int(11) DEFAULT '1' COMMENT '状态（1-可用，0-禁用）',
  `comment` text COLLATE utf8_bin COMMENT '备注',
  PRIMARY KEY (`id`)
) ENGINE=InnoDB AUTO_INCREMENT=75 DEFAULT CHARSET=utf8 COLLATE=utf8_bin;

-- ----------------------------
-- Records of yd_menu
-- ----------------------------
INSERT INTO `yd_menu` VALUES ('1', '1', '0', '请销假系统菜单', 'cd', '', '', '1', '1', null);
INSERT INTO `yd_menu` VALUES ('2', '1', '1', '基础数据维护', 'jcsjwh', '', '', '1', '1', '');
INSERT INTO `yd_menu` VALUES ('6', '1', '2', '角色管理', 'jsgl', '/YDesigner/index.php/Template/index.html?app_id=1&menu_id=6', 'navTab', '1', '1', '');
INSERT INTO `yd_menu` VALUES ('7', '1', '2', '组织机构管理', 'zzjg', '/YDesigner/index.php/Template/index.html?app_id=1&menu_id=7', 'navTab', '2', '1', '');
INSERT INTO `yd_menu` VALUES ('8', '1', '2', '用户管理', 'yhgl', '', '', '3', '1', '');
INSERT INTO `yd_menu` VALUES ('9', '1', '1', '请销假管理', 'qxjgl', '', '', '2', '1', '');
INSERT INTO `yd_menu` VALUES ('10', '1', '9', '请假管理', 'qjgl', '', '', '1', '1', '');
INSERT INTO `yd_menu` VALUES ('11', '1', '9', '销假管理', 'xjgl', '', '', '2', '1', '');
INSERT INTO `yd_menu` VALUES ('12', '1', '1', '请销假查询', 'qxjcx', '', '', '3', '1', '');
INSERT INTO `yd_menu` VALUES ('13', '1', '12', '请假查询', 'qjcx', '', '', '1', '1', '');
INSERT INTO `yd_menu` VALUES ('14', '1', '12', '销假查询', 'xjcx', '', '', '2', '1', '');
INSERT INTO `yd_menu` VALUES ('15', '1', '1', '请销假统计', 'qxjtj', '', '', '4', '1', '');
INSERT INTO `yd_menu` VALUES ('16', '1', '15', '职工请假统计', 'zgqjtj', '', '', '1', '1', '');
INSERT INTO `yd_menu` VALUES ('17', '1', '15', '单位请假汇总', 'dwqjhz', '', '', '2', '1', '');
INSERT INTO `yd_menu` VALUES ('18', '1', '2', '请假类别管理', 'qjlbgl', '', '', '4', '1', '');
INSERT INTO `yd_menu` VALUES ('19', '1', '2', '请假分类管理', 'qjflgl', '', '', '5', '1', '');
INSERT INTO `yd_menu` VALUES ('20', '1', '2', '带薪休假天数', 'dxxjts', '', '', '6', '1', '');
INSERT INTO `yd_menu` VALUES ('21', '1', '1', '违章举报管理', 'wzjbgl', '', '', '5', '1', '');
INSERT INTO `yd_menu` VALUES ('22', '1', '21', '违章举报', 'wzjb', '', '', '1', '1', '');
INSERT INTO `yd_menu` VALUES ('23', '1', '21', '违章举报审核', 'wzjbsh', '', '', '2', '1', '');
INSERT INTO `yd_menu` VALUES ('24', '1', '21', '违章举报查询', 'wzjbcx', '', '', '3', '1', '');
INSERT INTO `yd_menu` VALUES ('27', '12', '0', '人力资源管理系统菜单', 'cd', '', '', '1', '1', null);
INSERT INTO `yd_menu` VALUES ('28', '12', '27', '基础数据维护', 'jcsjwh', '', '', '1', '1', null);
INSERT INTO `yd_menu` VALUES ('29', '12', '27', '劳动合同管理', 'ldhtgl', '', '', '2', '1', '');
INSERT INTO `yd_menu` VALUES ('30', '12', '28', '角色管理', 'jsgl', '', '', '1', '1', '');
INSERT INTO `yd_menu` VALUES ('31', '12', '28', '机构管理', 'jggl', '', '', '2', '1', '');
INSERT INTO `yd_menu` VALUES ('32', '12', '28', '用户管理', 'yhgl', '', '', '3', '1', '');
INSERT INTO `yd_menu` VALUES ('33', '12', '27', '工资发放管理', 'gzffgl', '', '', '3', '1', '');
INSERT INTO `yd_menu` VALUES ('34', '12', '29', '劳动合同维护', 'ldhtwh', '', '', '1', '1', '');
INSERT INTO `yd_menu` VALUES ('35', '12', '29', '劳动合同查询', 'ldhtcx', '', '', '2', '1', '');
INSERT INTO `yd_menu` VALUES ('36', '12', '33', '工资发放', 'gzff', '', '', '1', '1', '');
INSERT INTO `yd_menu` VALUES ('37', '12', '33', '工资审核', 'gzsh', '', '', '2', '1', '');
INSERT INTO `yd_menu` VALUES ('38', '12', '33', '工资签收', 'gzqs', '', '', '3', '1', '');
INSERT INTO `yd_menu` VALUES ('39', '12', '33', '历史工资查询', 'lsgzcx', '', '', '4', '1', '');
INSERT INTO `yd_menu` VALUES ('40', '12', '27', '奖惩管理', 'jcgl', '', '', '4', '1', '');
INSERT INTO `yd_menu` VALUES ('41', '12', '40', '奖励获奖情况', 'jlhjqk', '', '', '1', '1', '');
INSERT INTO `yd_menu` VALUES ('42', '12', '40', '惩罚处分情况', 'cfcfqk', '', '', '2', '1', '');
INSERT INTO `yd_menu` VALUES ('43', '19', '0', '请销假系统菜单', 'cd', '', '', '1', '1', null);
INSERT INTO `yd_menu` VALUES ('44', '19', '43', '基础数据维护', 'jcsjwh', '', '', '1', '1', null);
INSERT INTO `yd_menu` VALUES ('45', '19', '44', '角色管理', 'jsgl', '', '', '1', '1', '');
INSERT INTO `yd_menu` VALUES ('46', '19', '43', '测试', 'cs', '', '', '2', '1', '');
INSERT INTO `yd_menu` VALUES ('47', '14', '0', '选课系统菜单', 'cd', '', '', '1', '1', null);
INSERT INTO `yd_menu` VALUES ('48', '14', '47', '基础数据维护', 'jcsjwh', '', '', '1', '1', null);
INSERT INTO `yd_menu` VALUES ('49', '13', '0', '物资管理系统菜单', 'cd', '', '', '1', '1', null);
INSERT INTO `yd_menu` VALUES ('50', '13', '49', '基础数据维护', 'jcsjwh', '', '', '1', '1', null);
INSERT INTO `yd_menu` VALUES ('51', '12', '28', '日志管理', 'rzgl', '/YDesigner/index.php/Template/index.html?app_id=12&menu_id=51', 'navTab', '4', '1', 0xE794A8E4BA8EE8AEB0E5BD95E697A5E5BF97);
INSERT INTO `yd_menu` VALUES ('52', '20', '0', '12菜单', 'cd', '', '', '1', '1', null);
INSERT INTO `yd_menu` VALUES ('53', '20', '52', '基础数据维护', 'jcsjwh', '', '', '1', '1', null);
INSERT INTO `yd_menu` VALUES ('54', '21', '0', '工资发放系统菜单', 'cd', '', '', '1', '1', null);
INSERT INTO `yd_menu` VALUES ('55', '21', '54', '基础数据维护', 'jcsjwh', '', '', '1', '1', null);
INSERT INTO `yd_menu` VALUES ('56', '21', '55', '用户管理', 'yhgl', '/YDesigner/index.php/Template/index.html?app_id=21&menu_id=56', 'navTab', '1', '1', '');
INSERT INTO `yd_menu` VALUES ('57', '21', '55', '薪酬标准', 'xcbz', '/YDesigner/index.php/Template/index.html?app_id=21&menu_id=57', 'navTab', '2', '1', '');
INSERT INTO `yd_menu` VALUES ('58', '21', '55', '用户薪酬标准设置', 'yhxcbz', '', '', '3', '1', '');
INSERT INTO `yd_menu` VALUES ('59', '21', '54', '工资发放管理', 'gzffgl', '', '', '2', '1', '');
INSERT INTO `yd_menu` VALUES ('60', '21', '59', '财务发放工资申请', 'cwffgzsq', '', '', '1', '1', '');
INSERT INTO `yd_menu` VALUES ('61', '21', '59', '职工工资确认', 'zggzqr', '', '', '2', '1', '');
INSERT INTO `yd_menu` VALUES ('62', '21', '59', '财务领导审核', 'cwldsh', '', '', '3', '1', '');
INSERT INTO `yd_menu` VALUES ('63', '21', '59', '工资签收确认', 'gzqsqr', '', '', '4', '1', '');
INSERT INTO `yd_menu` VALUES ('64', '21', '59', '工资发放历史查询', 'gzfflscx', '', '', '5', '1', '');
INSERT INTO `yd_menu` VALUES ('65', '21', '54', '工资发放统计', 'gzfftj', '', '', '3', '1', '');
INSERT INTO `yd_menu` VALUES ('66', '21', '65', '职工工资发放历史查询', 'zggzfflscx', '', '', '1', '1', '');
INSERT INTO `yd_menu` VALUES ('67', '21', '65', '职工工资发放年度汇总', 'ndhz', '', '', '2', '1', '');
INSERT INTO `yd_menu` VALUES ('68', '21', '54', '违章举报管理', 'wzjbgl', '', '', '4', '1', '');
INSERT INTO `yd_menu` VALUES ('69', '21', '68', '举报违章', 'jbwz', '', '', '1', '1', '');
INSERT INTO `yd_menu` VALUES ('70', '21', '68', '违章举报审核', 'wzjbsh', '', '', '2', '1', '');
INSERT INTO `yd_menu` VALUES ('71', '21', '68', '违章举报查询', 'wzjbcx', '', '', '3', '1', '');
INSERT INTO `yd_menu` VALUES ('72', '21', '68', '违章举报公告发布', 'wzjbfb', '', '', '4', '1', '');
INSERT INTO `yd_menu` VALUES ('73', '1', '1', '系统管理', 'xtgl', '', '', '6', '1', '');
INSERT INTO `yd_menu` VALUES ('74', '1', '73', '日志管理', 'rzgl', '/YDesigner/index.php/Template/index.html?app_id=1&menu_id=74', 'navTab', '1', '1', '');

-- ----------------------------
-- Table structure for yd_part
-- ----------------------------
DROP TABLE IF EXISTS `yd_part`;
CREATE TABLE `yd_part` (
  `id` bigint(20) NOT NULL AUTO_INCREMENT COMMENT '编号',
  `app_id` bigint(20) NOT NULL COMMENT '应用编号',
  `menu_id` bigint(20) NOT NULL COMMENT '菜单编号',
  `code` varchar(100) COLLATE utf8_bin DEFAULT NULL COMMENT '表格代码',
  `comment` text COLLATE utf8_bin COMMENT '备注',
  PRIMARY KEY (`id`)
) ENGINE=InnoDB AUTO_INCREMENT=25 DEFAULT CHARSET=utf8 COLLATE=utf8_bin;

-- ----------------------------
-- Records of yd_part
-- ----------------------------
INSERT INTO `yd_part` VALUES ('1', '1', '6', 'main', 0x696E646578E9A1B5E99DA2E8A1A8E58D95);
INSERT INTO `yd_part` VALUES ('2', '1', '6', 'search', 0x696E646578E9A1B5E99DA2E6909CE7B4A2);
INSERT INTO `yd_part` VALUES ('3', '1', '6', 'add_form', 0x616464E9A1B5E99DA2E8A1A8E58D95);
INSERT INTO `yd_part` VALUES ('4', '1', '6', 'edit_form', 0x65646974E9A1B5E99DA2E8A1A8E58D95);
INSERT INTO `yd_part` VALUES ('5', '1', '7', 'main', 0x696E646578E9A1B5E99DA2E8A1A8E58D95);
INSERT INTO `yd_part` VALUES ('6', '1', '7', 'search', 0x696E646578E9A1B5E99DA2E6909CE7B4A2);
INSERT INTO `yd_part` VALUES ('7', '1', '7', 'add_form', 0x616464E9A1B5E99DA2E8A1A8E58D95);
INSERT INTO `yd_part` VALUES ('8', '1', '7', 'edit_form', 0x65646974E9A1B5E99DA2E8A1A8E58D95);
INSERT INTO `yd_part` VALUES ('9', '12', '51', 'main', 0x696E646578E9A1B5E99DA2E8A1A8E58D95);
INSERT INTO `yd_part` VALUES ('10', '12', '51', 'search', 0x696E646578E9A1B5E99DA2E6909CE7B4A2);
INSERT INTO `yd_part` VALUES ('11', '12', '51', 'add_form', 0x616464E9A1B5E99DA2E8A1A8E58D95);
INSERT INTO `yd_part` VALUES ('12', '12', '51', 'edit_form', 0x65646974E9A1B5E99DA2E8A1A8E58D95);
INSERT INTO `yd_part` VALUES ('13', '21', '56', 'main', 0x696E646578E9A1B5E99DA2E8A1A8E58D95);
INSERT INTO `yd_part` VALUES ('14', '21', '56', 'search', 0x696E646578E9A1B5E99DA2E6909CE7B4A2);
INSERT INTO `yd_part` VALUES ('15', '21', '56', 'add_form', 0x616464E9A1B5E99DA2E8A1A8E58D95);
INSERT INTO `yd_part` VALUES ('16', '21', '56', 'edit_form', 0x65646974E9A1B5E99DA2E8A1A8E58D95);
INSERT INTO `yd_part` VALUES ('17', '1', '74', 'main', 0x696E646578E9A1B5E99DA2E8A1A8E58D95);
INSERT INTO `yd_part` VALUES ('18', '1', '74', 'search', 0x696E646578E9A1B5E99DA2E6909CE7B4A2);
INSERT INTO `yd_part` VALUES ('19', '1', '74', 'add_form', 0x616464E9A1B5E99DA2E8A1A8E58D95);
INSERT INTO `yd_part` VALUES ('20', '1', '74', 'edit_form', 0x65646974E9A1B5E99DA2E8A1A8E58D95);
INSERT INTO `yd_part` VALUES ('21', '21', '57', 'main', 0x696E646578E9A1B5E99DA2E8A1A8E58D95);
INSERT INTO `yd_part` VALUES ('22', '21', '57', 'search', 0x696E646578E9A1B5E99DA2E6909CE7B4A2);
INSERT INTO `yd_part` VALUES ('23', '21', '57', 'add_form', 0x616464E9A1B5E99DA2E8A1A8E58D95);
INSERT INTO `yd_part` VALUES ('24', '21', '57', 'edit_form', 0x65646974E9A1B5E99DA2E8A1A8E58D95);

-- ----------------------------
-- Table structure for yd_user
-- ----------------------------
DROP TABLE IF EXISTS `yd_user`;
CREATE TABLE `yd_user` (
  `id` bigint(20) NOT NULL AUTO_INCREMENT COMMENT '编号',
  `username` varchar(20) COLLATE utf8_bin NOT NULL COMMENT '用户名',
  `password` varchar(100) COLLATE utf8_bin NOT NULL COMMENT '密码',
  `name` varchar(10) COLLATE utf8_bin NOT NULL COMMENT '姓名',
  `phone` varchar(20) COLLATE utf8_bin DEFAULT NULL COMMENT '手机号码',
  `type` varchar(10) COLLATE utf8_bin NOT NULL COMMENT '用户类型（01-管理员，02-设计师，03-测试用户）',
  `last_login_time` int(11) DEFAULT NULL COMMENT '上次登录时间',
  `comment` varchar(200) COLLATE utf8_bin DEFAULT NULL COMMENT '备注',
  PRIMARY KEY (`id`)
) ENGINE=InnoDB AUTO_INCREMENT=14 DEFAULT CHARSET=utf8 COLLATE=utf8_bin;

-- ----------------------------
-- Records of yd_user
-- ----------------------------
INSERT INTO `yd_user` VALUES ('3', 'admin', 'gnh02n2leqiyp3Kus3R3r4atbm4', '管理员', '123000000000', '01', '1491719662', '');
INSERT INTO `yd_user` VALUES ('7', 'designer', 'gnh02n2leqiyp3Kus3R3cw', '设计师', '200000000000', '02', '1452388415', '');
INSERT INTO `yd_user` VALUES ('8', 'test', 'gnh02n2leqiyp3Kus3R3cw', '测试用户', '100000000000', '03', '1452061131', '');
INSERT INTO `yd_user` VALUES ('12', 'liteng', 'gnh02n2leqiyp3Kus3R3cw', '腾哥', '5555222222', '01', '1452489424', '');
INSERT INTO `yd_user` VALUES ('13', 'user', 'gnh02n2leqiyp3Kus3iIsJOOem4', 'user', 'user', '01', null, '');
